Daniel Mendes INESC-ID / IST-UTL danielmendes@ist.utl.pt Pedro Campos UMA / INESC-ID pcampos@uma.pt Mauŕicio Sousa INESC-ID / IST-UTL antonio.sousa@ist.utl.pt Luciano Soares Tecgraf / PUC-Rio lpsoares@tecgraf.puc-rio.br Bruno Araujo INESC-ID / IST-UTL brar@vimmi.inesc-id.pt Alberto Raposo Tecgraf / PUC-Rio abraposo@tecgraf.puc-rio.br Alfredo Ferreira INESC-ID / IST-UTL alfredo.ferreira@ist.utl.pt Joaquim Jorge INESC-ID / IST-UTL jaj@inesc-id.pt Hildegardo Noronha University of Madeira hildnoronha@gmail.com